{
  "project_info": {
    "project_number": "215537510452",
    "project_id": "aop-part5-chapter04",
    "storage_bucket": "aop-part5-chapter04.appspot.com"
  },
  "client": [
    {
      "client_info": {
        "mobilesdk_app_id": "1:215537510452:android:b0b116c6431df2484b4261",
        "android_client_info": {
          "package_name": "fastcampus.aop.part5.chapter04"
        }
      },
      "oauth_client": [
        {
          "client_id": "215537510452-68fp4imc1fi3nugpts78pm0657kdcb04.apps.googleusercontent.com",
          "client_type": 1,
          "android_info": {
            "package_name": "fastcampus.aop.part5.chapter04",
            "certificate_hash": "809c6bc7e444c1d50ab1cacaa2a63971f637f0f8"
          }
        },
        {
          "client_id": "215537510452-bmntb9vohu8a2oucrcl1s3m4h16vbbvg.apps.googleusercontent.com",
          "client_type": 3
        }
      ],
      "api_key": [
        {
          "current_key": "AIzaSyCGRQOFXwONhKr3-7yEoMNkWcHmwEsBZXE"
        }
      ],
      "services": {
        "appinvite_service": {
          "other_platform_oauth_client": [
            {
              "client_id": "215537510452-bmntb9vohu8a2oucrcl1s3m4h16vbbvg.apps.googleusercontent.com",
              "client_type": 3
            }
          ]
        }
      }
    }
  ],
  "configuration_version": "1"
}